Designator,Val,Package,Mid X,Mid Y,Rotation,Layer
C1,0.1u,C_0805_2012Metric_Pad1.18x1.45mm_HandSolder,290.4404,-115.178,0.0,top
C10,150u,16SVF270M,330.0434,-75.0482,-90.0,top
C11,10u,CAPC3225X230N,313.3827,-116.0548,180.0,top
C12,10u,T491C,321.0434,-75.0482,90.0,top
C13,0.1u,C_0805_2012Metric_Pad1.18x1.45mm_HandSolder,313.3827,-119.0548,180.0,top
C14,0.1u,C_0805_2012Metric_Pad1.18x1.45mm_HandSolder,316.0434,-75.0482,-90.0,top
C15,10u,CAPC3225X230N,326.2282,-124.0948,90.0,top
C16,0.1u,C_0805_2012Metric_Pad1.18x1.45mm_HandSolder,330.2282,-124.0948,90.0,top
C17,0.1u,C_0805_2012Metric_Pad1.18x1.45mm_HandSolder,357.0434,-103.0482,-90.0,top
C18,0.1u,C_0805_2012Metric_Pad1.18x1.45mm_HandSolder,350.4404,-115.178,0.0,top
C19,22u,CAPC6050X550N,361.5434,-103.0482,-90.0,top
C2,0.1u,C_0805_2012Metric_Pad1.18x1.45mm_HandSolder,357.0434,-71.0482,-90.0,top
C20,10u,CAPC3225X230N,343.3827,-116.0548,180.0,top
C21,0.1u,C_0805_2012Metric_Pad1.18x1.45mm_HandSolder,343.3827,-119.0548,180.0,top
C22,10n,C_0805_2012Metric_Pad1.18x1.45mm_HandSolder,352.0434,-98.0482,0.0,top
C23,10u,CAPC3225X230N,356.2282,-124.0948,90.0,top
C24,0.1u,C_0805_2012Metric_Pad1.18x1.45mm_HandSolder,360.2282,-124.0948,90.0,top
C25,0.1u,C_0805_2012Metric_Pad1.18x1.45mm_HandSolder,309.1968,-138.5866,0.0,bottom
C26,0.1u,C_0805_2012Metric_Pad1.18x1.45mm_HandSolder,309.1968,-189.7226,0.0,bottom
C27,10u,C_0805_2012Metric_Pad1.18x1.45mm_HandSolder,313.0068,-134.1882,180.0,bottom
C28,10u,C_0805_2012Metric_Pad1.18x1.45mm_HandSolder,313.0068,-185.3242,180.0,bottom
C29,10u,C_0805_2012Metric_Pad1.18x1.45mm_HandSolder,309.1968,-136.6266,0.0,bottom
C3,10u,CAPC3225X230N,283.3827,-116.0548,180.0,top
C30,10u,C_0805_2012Metric_Pad1.18x1.45mm_HandSolder,309.1968,-187.7626,0.0,bottom
C31,22u,CAPPM3528X210N,339.3314,-102.1582,-90.0,top
C32,1u,C_0805_2012Metric_Pad1.18x1.45mm_HandSolder,305.4368,-136.6266,0.0,bottom
C33,1u,C_0805_2012Metric_Pad1.18x1.45mm_HandSolder,305.4368,-187.7626,0.0,bottom
C34,22u,CAPPM3528X210N,334.3314,-102.1582,-90.0,top
C35,10u,T491C,329.3314,-104.1782,90.0,top
C36,0.1u,C_0805_2012Metric_Pad1.18x1.45mm_HandSolder,324.3314,-102.7457,-90.0,top
C37,1u,C_0805_2012Metric_Pad1.18x1.45mm_HandSolder,306.2504,-126.0348,0.0,bottom
C38,1u,C_0805_2012Metric_Pad1.18x1.45mm_HandSolder,306.2504,-177.1708,0.0,bottom
C39,10u,C_0805_2012Metric_Pad1.18x1.45mm_HandSolder,311.7075,-124.2314,180.0,bottom
C4,22u,CAPC6050X550N,361.5434,-71.0482,-90.0,top
C40,10u,C_0805_2012Metric_Pad1.18x1.45mm_HandSolder,311.7075,-175.3674,180.0,bottom
C41,0.1u,C_0805_2012Metric_Pad1.18x1.45mm_HandSolder,311.7075,-126.1914,180.0,bottom
C42,0.1u,C_0805_2012Metric_Pad1.18x1.45mm_HandSolder,311.7075,-177.3274,180.0,bottom
C43,0.1u,C_0805_2012Metric_Pad1.18x1.45mm_HandSolder,248.365684,-109.32601,0.0,top
C44,0.1u,C_0805_2012Metric_Pad1.18x1.45mm_HandSolder,233.2228,-181.7116,0.0,bottom
C45,100u,CAPC3225X280N,248.416484,-106.45581,0.0,top
C46,5u,T521D,232.8672,-186.3852,180.0,bottom
C47,200p,C_0805_2012Metric_Pad1.18x1.45mm_HandSolder,246.824984,-120.09561,0.0,top
C48,0.1u,C_0805_2012Metric_Pad1.18x1.45mm_HandSolder,279.1968,-189.7226,180.0,bottom
C49,0.1u,C_0805_2012Metric_Pad1.18x1.45mm_HandSolder,279.1968,-138.5866,180.0,bottom
C5,0.1u,C_0805_2012Metric_Pad1.18x1.45mm_HandSolder,283.3827,-119.0548,180.0,top
C50,10u,C_0805_2012Metric_Pad1.18x1.45mm_HandSolder,283.0068,-134.1882,180.0,bottom
C51,10u,C_0805_2012Metric_Pad1.18x1.45mm_HandSolder,283.0068,-185.3242,180.0,bottom
C52,10u,C_0805_2012Metric_Pad1.18x1.45mm_HandSolder,279.1968,-136.6266,180.0,bottom
C53,10u,C_0805_2012Metric_Pad1.18x1.45mm_HandSolder,279.1968,-187.7626,180.0,bottom
C54,1u,C_0805_2012Metric_Pad1.18x1.45mm_HandSolder,275.4368,-136.6266,0.0,bottom
C55,1u,C_0805_2012Metric_Pad1.18x1.45mm_HandSolder,275.4368,-187.7626,0.0,bottom
C56,1u,CAPPM2014X170N,221.9744,-179.9473,90.0,bottom
C57,33u,C4532_Commercial,253.120284,-118.26681,180.0,top
C58,0.1u,C_0805_2012Metric_Pad1.18x1.45mm_HandSolder,224.4744,-179.9473,270.0,bottom
C59,10u,T491C,244.911284,-136.75801,0.0,top
C6,10u,CAPC3225X230N,296.2282,-124.0948,90.0,top
C60,1u,C_0805_2012Metric_Pad1.18x1.45mm_HandSolder,276.2504,-126.0348,0.0,bottom
C61,1u,C_0805_2012Metric_Pad1.18x1.45mm_HandSolder,276.2504,-177.1708,0.0,bottom
C62,0.1u,C_0805_2012Metric_Pad1.18x1.45mm_HandSolder,242.672184,-140.69501,180.0,top
C63,10u,C_0805_2012Metric_Pad1.18x1.45mm_HandSolder,281.7075,-124.2314,180.0,bottom
C64,10u,C_0805_2012Metric_Pad1.18x1.45mm_HandSolder,281.7075,-175.3674,180.0,bottom
C65,0.1u,C_0805_2012Metric_Pad1.18x1.45mm_HandSolder,281.7075,-126.1914,180.0,bottom
C66,0.1u,C_0805_2012Metric_Pad1.18x1.45mm_HandSolder,281.7075,-177.3274,180.0,bottom
C67,39n,C_0805_2012Metric_Pad1.18x1.45mm_HandSolder,325.8315,-164.2321,270.0,bottom
C68,39n,C_0805_2012Metric_Pad1.18x1.45mm_HandSolder,325.8315,-208.1091,270.0,bottom
C69,10u,C_0805_2012Metric_Pad1.18x1.45mm_HandSolder,306.2732,-182.0926,-90.0,top
C7,10n,C_0805_2012Metric_Pad1.18x1.45mm_HandSolder,352.0434,-66.0482,0.0,top
C70,0.1u,C_0805_2012Metric_Pad1.18x1.45mm_HandSolder,303.911,-182.0926,-90.0,top
C71,1 uF,C_0805_2012Metric_Pad1.18x1.45mm_HandSolder,240.2419,-229.8727,270.0,bottom
C72,1 uF,C_0805_2012Metric_Pad1.18x1.45mm_HandSolder,220.2419,-229.8727,270.0,bottom
C73,100 nF,C_0805_2012Metric_Pad1.18x1.45mm_HandSolder,241.7044,-225.8352,0.0,bottom
C74,100 nF,C_0805_2012Metric_Pad1.18x1.45mm_HandSolder,221.7044,-225.8352,0.0,bottom
C75,100 nF,C_0805_2012Metric_Pad1.18x1.45mm_HandSolder,228.005,-199.3861,270.0,bottom
C76,100 nF,C_0805_2012Metric_Pad1.18x1.45mm_HandSolder,237.9326,-198.1161,270.0,bottom
C77,100 nF,C_0805_2012Metric_Pad1.18x1.45mm_HandSolder,228.005,-214.3861,270.0,bottom
C78,100 nF,C_0805_2012Metric_Pad1.18x1.45mm_HandSolder,237.9326,-213.1161,270.0,bottom
C79,100p,C_0805_2012Metric_Pad1.18x1.45mm_HandSolder,124.1662,-189.7088,90.0,bottom
C8,0.1u,C_0805_2012Metric_Pad1.18x1.45mm_HandSolder,300.2282,-124.0948,90.0,top
C80,1u,C_0805_2012Metric_Pad1.18x1.45mm_HandSolder,136.5112,-203.2701,90.0,bottom
C81,150n,C_0805_2012Metric_Pad1.18x1.45mm_HandSolder,135.0487,-207.3076,180.0,bottom
C82,100p,C_0805_2012Metric_Pad1.18x1.45mm_HandSolder,124.1662,-209.7088,90.0,bottom
C9,0.1u,C_0805_2012Metric_Pad1.18x1.45mm_HandSolder,320.4404,-115.178,0.0,top
D1,LED,LED_0805_2012Metric_Pad1.15x1.40mm_HandSolder,327.9394,-38.0726,-90.0,top
D11,LED,LED_0805_2012Metric_Pad1.15x1.40mm_HandSolder,297.9394,-38.0276,-90.0,top
D12,LED,LED_0805_2012Metric_Pad1.15x1.40mm_HandSolder,291.9394,-38.0276,-90.0,top
D13,LED,LED_0805_2012Metric_Pad1.15x1.40mm_HandSolder,285.9394,-38.0276,-90.0,top
D16,"PMEG3050EP,115",PMEG3050EP115,307.5434,-75.0482,90.0,top
D17,"PMEG3050EP,115",PMEG3050EP115,302.615,-75.1632,90.0,top
D18,SS24FL,SODFL3617X108N,344.3314,-102.1582,-90.0,top
D19,"PMEG3050EP,115",PMEG3050EP115,314.3314,-102.7457,90.0,top
D2,LED,LED_0805_2012Metric_Pad1.15x1.40mm_HandSolder,321.9394,-38.0276,-90.0,top
D20,"PMEG3050EP,115",PMEG3050EP115,309.3314,-102.7457,90.0,top
D21,1N5819,SOD3716X145N,244.174684,-132.26221,0.0,top
D22,"PMEG3050EP,115",PMEG3050EP115,253.933084,-136.58021,180.0,top
D23,"PMEG3050EP,115",PMEG3050EP115,253.887084,-141.33001,180.0,top
D5,LED,LED_0805_2012Metric_Pad1.15x1.40mm_HandSolder,315.9394,-38.0276,-90.0,top
D6,LED,LED_0805_2012Metric_Pad1.15x1.40mm_HandSolder,309.9394,-38.0276,-90.0,top
D7,LED,LED_0805_2012Metric_Pad1.15x1.40mm_HandSolder,303.9394,-38.0276,-90.0,top
D8,SBRD10200TR,SBR10200CTL13,340.0434,-75.0482,180.0,top
IC1,LT3083EQ#PBF,LT3083EQPBF,287.8242,-128.8413,180.0,top
IC10,DAC8562TDGSR,SOP50P490X110-10N,244.9419,-229.3352,0.0,bottom
IC11,DAC8562TDGSR,SOP50P490X110-10N,224.9419,-229.3352,0.0,bottom
IC12,DAC8562TDGSR,SOP50P490X110-10N,131.8112,-203.8076,180.0,bottom
IC13,LM2991S_NOPB,TO170P1435X465-6N,233.9594,-172.1737,90.0,bottom
IC2,TPS5450QDDARQ1,SOIC127P600X170-9N,352.0434,-71.0482,0.0,top
IC3,LT3083EQ#PBF,LT3083EQPBF,317.8242,-128.8413,180.0,top
IC4,LT3083EQ#PBF,LT3083EQPBF,347.8242,-128.8413,180.0,top
IC5,TPS5450QDDARQ1,SOIC127P600X170-9N,352.0434,-103.0482,0.0,top
IC6,ADM7150ARDZ-3.3-R7 ,SOIC127P600X175-9N,307.9268,-131.4392,90.0,bottom
IC7,ADM7150ARDZ-3.3-R7 ,SOIC127P600X175-9N,307.9268,-182.5752,90.0,bottom
IC8,ADM7150ARDZ-5.0-R7,SOIC127P600X175-9N,277.9268,-131.4392,90.0,bottom
IC9,ADM7150ARDZ-5.0-R7,SOIC127P600X175-9N,277.9268,-182.5752,90.0,bottom
J10,Conn_01x02,09652028,308.5072,-230.3054,0.0,top
J11,Conn_01x02,09652028,297.5072,-230.3054,0.0,top
J12,Conn_01x02,09652028,286.5072,-230.3054,0.0,top
J13,Conn_01x02,09652028,275.5072,-230.3054,0.0,top
J14,Conn_01x02,09652028,264.5072,-230.3054,0.0,top
J15,Barrel_Jack_Switch,694106301002_1,348.0922,-44.2764,-90.0,top
J16,Conn_01x04,470531000,92.7937,-193.8026,-90.0,top
J17,Conn_01x04,470531000,92.7937,-213.8026,-90.0,top
J2,UART0 Connector,PinHeader_1x04_P2.54mm_Vertical,281.9884,-81.864,180.0,top
J3,Conn_01x02,09652028,360.2736,-57.3798,90.0,top
J4,Conn_01x02,09652028,312.5476,-91.9478,180.0,top
J5,Conn_01x02,09652028,312.0234,-61.0482,180.0,top
J6,Conn_01x02,09652028,246.846484,-148.51941,-90.0,top
J7,Conn_01x02,09652028,360.3988,-133.4006,180.0,top
J8,Conn_01x02,09652028,300.3988,-133.4006,180.0,top
J9,Conn_01x02,09652028,330.3988,-133.4006,180.0,top
JP1,Jumper_2_Open,PinHeader_1x02_P2.54mm_Vertical,274.5714,-118.9228,-90.0,top
JP2,Jumper_2_Open,PinHeader_1x02_P2.54mm_Vertical,361.442,-78.2664,180.0,top
JP3,Jumper_2_Open,PinHeader_1x02_P2.54mm_Vertical,268.9098,-182.499,0.0,top
JP4,Jumper_2_Open,PinHeader_1x02_P2.54mm_Vertical,361.442,-110.2664,180.0,top
JP8,Jumper_2_Open,PinHeader_1x02_P2.54mm_Vertical,304.5714,-118.9228,-90.0,top
JP9,Jumper_2_Open,PinHeader_1x02_P2.54mm_Vertical,294.9098,-182.499,0.0,top
L1,22u,IND_SER1390_COC,340.0434,-61.0482,-90.0,top
L2,10u,SRP1038WA100M,325.0434,-61.0482,180.0,top
L3,33u,IHLP3232DZER330M11,342.0434,-93.0482,0.0,top
L4,10u,SRP1038WA100M,327.0434,-93.0482,180.0,top
L5,95u,ETQ-P4M_KFM,245.972884,-125.83601,0.0,top
L6,330u,DR1050331R,257.387684,-127.46161,90.0,top
LO1,~,LO,340.8339,-158.1546,0.0,top
LO2,~,LO,340.8339,-202.0316,0.0,top
Q7,NPN,SOT-23-3,104.7612,-191.1351,270.0,bottom
Q8,NPN,SOT-23-3,104.7612,-211.1351,270.0,bottom
R1,120k,C_0805_2012Metric_Pad1.18x1.45mm_HandSolder,290.4404,-117.678,180.0,top
R10,150,C_0805_2012Metric_Pad1.18x1.45mm_HandSolder,303.9394,-43.0276,90.0,top
R11,5.9k,C_0805_2012Metric_Pad1.18x1.45mm_HandSolder,302.7282,-124.0948,-90.0,top
R12,10k,C_0805_2012Metric_Pad1.18x1.45mm_HandSolder,348.2939,-75.9532,180.0,top
R13,1.8k,C_0805_2012Metric_Pad1.18x1.45mm_HandSolder,353.2939,-75.9532,180.0,top
R14,68,C_0805_2012Metric_Pad1.18x1.45mm_HandSolder,297.9394,-43.0276,90.0,top
R19,120k,C_0805_2012Metric_Pad1.18x1.45mm_HandSolder,320.4404,-117.678,180.0,top
R2,1.1k,C_0805_2012Metric_Pad1.18x1.45mm_HandSolder,327.9394,-43.0276,90.0,top
R20,68,C_0805_2012Metric_Pad1.18x1.45mm_HandSolder,291.9394,-43.0276,90.0,top
R21,68,C_0805_2012Metric_Pad1.18x1.45mm_HandSolder,285.9394,-43.0276,90.0,top
R22,787,C_0805_2012Metric_Pad1.18x1.45mm_HandSolder,313.5434,-75.0482,90.0,top
R27,5.9k,C_0805_2012Metric_Pad1.18x1.45mm_HandSolder,332.7282,-124.0948,-90.0,top
R28,240k,C_0805_2012Metric_Pad1.18x1.45mm_HandSolder,350.4404,-117.678,180.0,top
R29,10k,C_0805_2012Metric_Pad1.18x1.45mm_HandSolder,348.2939,-107.9532,180.0,top
R3,510,C_0805_2012Metric_Pad1.18x1.45mm_HandSolder,321.9394,-43.0276,90.0,top
R30,953,C_0805_2012Metric_Pad1.18x1.45mm_HandSolder,353.2939,-107.9532,180.0,top
R31,12k,C_0805_2012Metric_Pad1.18x1.45mm_HandSolder,362.7282,-124.0948,-90.0,top
R32,1.4k,C_0805_2012Metric_Pad1.18x1.45mm_HandSolder,321.8314,-102.7457,90.0,top
R33,100k,C_0805_2012Metric_Pad1.18x1.45mm_HandSolder,309.6325,-122.2714,0.0,bottom
R34,100k,C_0805_2012Metric_Pad1.18x1.45mm_HandSolder,309.6325,-173.4074,0.0,bottom
R35,787m,R_2512_6332Metric_Pad1.40x3.35mm_HandSolder,243.666684,-106.40501,90.0,top
R36,2.4k,C_0805_2012Metric_Pad1.18x1.45mm_HandSolder,250.092884,-113.23761,90.0,top
R37,9.1k,C_0805_2012Metric_Pad1.18x1.45mm_HandSolder,252.592884,-113.23761,90.0,top
R38,576,R_0805_2012Metric_Pad1.20x1.40mm_HandSolder,226.9744,-172.8723,270.0,bottom
R39,1k,C_0805_2012Metric_Pad1.18x1.45mm_HandSolder,226.9744,-177.8723,270.0,bottom
R40,100k,C_0805_2012Metric_Pad1.18x1.45mm_HandSolder,279.6325,-122.2714,0.0,bottom
R41,100k,C_0805_2012Metric_Pad1.18x1.45mm_HandSolder,279.6325,-173.4074,0.0,bottom
R42,10k,C_0805_2012Metric_Pad1.18x1.45mm_HandSolder,329.794,-160.6946,0.0,bottom
R43,10k,C_0805_2012Metric_Pad1.18x1.45mm_HandSolder,329.794,-204.5716,0.0,bottom
R44,1.3k,C_0805_2012Metric_Pad1.18x1.45mm_HandSolder,324.794,-160.6946,0.0,bottom
R45,1.3k,C_0805_2012Metric_Pad1.18x1.45mm_HandSolder,324.794,-204.5716,0.0,bottom
R46,GR,C_0805_2012Metric_Pad1.18x1.45mm_HandSolder,255.6794,-225.2977,270.0,bottom
R47,GR,C_0805_2012Metric_Pad1.18x1.45mm_HandSolder,235.6794,-225.2977,270.0,bottom
R48,R,C_0805_2012Metric_Pad1.18x1.45mm_HandSolder,252.1419,-226.3352,0.0,bottom
R49,R,C_0805_2012Metric_Pad1.18x1.45mm_HandSolder,232.1419,-226.3352,0.0,bottom
R50,GR,C_0805_2012Metric_Pad1.18x1.45mm_HandSolder,255.6794,-229.8727,90.0,bottom
R51,GR,C_0805_2012Metric_Pad1.18x1.45mm_HandSolder,235.6794,-229.8727,270.0,bottom
R52,R,C_0805_2012Metric_Pad1.18x1.45mm_HandSolder,252.1419,-228.8352,0.0,bottom
R53,R,C_0805_2012Metric_Pad1.18x1.45mm_HandSolder,232.1419,-228.8352,0.0,bottom
R54,10k,C_0805_2012Metric_Pad1.18x1.45mm_HandSolder,223.005,-199.3861,90.0,bottom
R55,10k,C_0805_2012Metric_Pad1.18x1.45mm_HandSolder,242.9326,-198.1161,90.0,bottom
R56,10k,C_0805_2012Metric_Pad1.18x1.45mm_HandSolder,223.005,-214.3861,90.0,bottom
R57,10k,C_0805_2012Metric_Pad1.18x1.45mm_HandSolder,242.9326,-213.1161,90.0,bottom
R58,GR,C_0805_2012Metric_Pad1.18x1.45mm_HandSolder,225.505,-199.3861,270.0,bottom
R59,GR,C_0805_2012Metric_Pad1.18x1.45mm_HandSolder,240.4326,-198.1161,270.0,bottom
R60,GR,C_0805_2012Metric_Pad1.18x1.45mm_HandSolder,225.505,-214.3861,270.0,bottom
R61,GR,C_0805_2012Metric_Pad1.18x1.45mm_HandSolder,240.4326,-213.1161,270.0,bottom
R62,R,C_0805_2012Metric_Pad1.18x1.45mm_HandSolder,225.505,-203.9611,270.0,bottom
R63,R,C_0805_2012Metric_Pad1.18x1.45mm_HandSolder,240.4326,-202.6911,270.0,bottom
R64,R,C_0805_2012Metric_Pad1.18x1.45mm_HandSolder,225.505,-218.9611,270.0,bottom
R65,R,C_0805_2012Metric_Pad1.18x1.45mm_HandSolder,240.4326,-217.6911,270.0,bottom
R66,1k,C_0805_2012Metric_Pad1.18x1.45mm_HandSolder,121.4337,-186.1713,0.0,bottom
R67,33k,C_0805_2012Metric_Pad1.18x1.45mm_HandSolder,121.4337,-183.6713,180.0,bottom
R68,150,C_0805_2012Metric_Pad1.18x1.45mm_HandSolder,110.7112,-189.9976,0.0,bottom
R69,1,C_0805_2012Metric_Pad1.18x1.45mm_HandSolder,110.7112,-192.4976,0.0,bottom
R70,1k,R_0805_2012Metric_Pad1.20x1.40mm_HandSolder,121.3962,-206.1713,0.0,bottom
R71,33k,R_0805_2012Metric_Pad1.20x1.40mm_HandSolder,121.3962,-203.6713,180.0,bottom
R72,150,R_0805_2012Metric_Pad1.20x1.40mm_HandSolder,110.7112,-209.9976,0.0,bottom
R73,1,C_0805_2012Metric_Pad1.18x1.45mm_HandSolder,110.7112,-212.4976,0.0,bottom
R8,220,C_0805_2012Metric_Pad1.18x1.45mm_HandSolder,315.9394,-43.0276,90.0,top
R9,150,C_0805_2012Metric_Pad1.18x1.45mm_HandSolder,309.9394,-43.0276,90.0,top
SW1,SW_SPDT,SW_500SSP1S2M2QEA,335.7118,-42.036,-90.0,top
U1,Pico,RPi_Pico_SMD_TH,263.0984,-62.329,0.0,top
U10,~,tsy_83ln+_amplifier,149.4448,-181.7116,-90.0,top
U11,~,tsy_83ln+_amplifier,149.4448,-218.3986,-90.0,top
U14,~,mixer,186.9025,-223.4634,0.0,top
U15,~,mixer,186.9025,-199.5014,0.0,top
U16,~,mixer,186.9025,-175.5394,0.0,top
U17,LT1632CS8#PBF ,SOIC127P600X175-8N,232.9688,-198.9836,0.0,bottom
U18,LT1632CS8#PBF ,SOIC127P600X175-8N,232.9688,-213.9836,0.0,bottom
U19,~,APC,233.7054,-183.8142,0.0,top
U2,MC34063AD,SOIC127P599X175-8N,244.504884,-115.04001,90.0,top
U20,~,APC,233.7054,-214.2782,0.0,top
U21,LT1632CS8#PBF ,SOIC127P600X175-8N,119.7612,-191.1351,270.0,bottom
U22,LT1632CS8#PBF ,SOIC127P600X175-8N,119.7612,-211.1351,270.0,bottom
U3,~,tsy_83ln+_amplifier,122.1558,-181.7116,-90.0,top
U4,~,tsy_83ln+_amplifier,301.3514,-160.4152,-90.0,top
U5,~,tsy_83ln+_amplifier,301.3514,-204.2922,-90.0,top
U6,~,tsy_83ln+_amplifier,274.0624,-160.4152,-90.0,top
U7,~,tsy_83ln+_amplifier,122.1558,-218.3986,-90.0,top
U9,~,tsy_83ln+_amplifier,274.0624,-204.2922,-90.0,top
Y1,SiT5157AI-FK-33N0-100.000000X,SiT5157AIFK33N0100000000X,311.1062,-182.2958,0.0,top
