"Reference","Qty","Manufacturer","Manufacturer Part Number","Mouser Part Number"
"C1,C5,C8,C9,C13,C14,C16,C18,C21,C24,C25,C26,C36,C41,C42,C43,C44,C48,C49,C58,C62,C65,C66,C70","24","KYOCERA AVX","08053C104JAZ2A","581-08053C104JAZ2A"
"C2,C17","2","KYOCERA AVX","KAM21BR71H104JT ","581-KAM21BR71H104JT"
"C3,C6,C11,C15,C20,C23","6","TDK","C3225X8R1E106K250AC","810-C3225X816K25AC "
"C4,C19","2","TDK","CKG57NX5R1H226M500JH","810-CKG57NX5R1H226M"
"C7,C22","2","KYOCERA AVX","08055C103KAT2A","581-08055C103K"
"C10","1","Panasonic","10SVP150MX","667-10SVP150MX"
"C12,C35,C59","3","KEMET","T491C106M020AT","80-T491C106M020"
"C27,C28,C29,C30,C32,C33,C37,C38,C39,C40,C50,C51,C52,C53,C54,C55,C60,C61,C63,C64,C69,C80,H1,H2,H3,H4,H5,H6,J2,JP1,JP2,JP3,JP4,JP8,JP9,LO1,LO2,MUXOUT_1,MUXOUT_2,R8,R9,R10,R12,R14,R20,R21,R29,R33,R34,R40,R41,R42,R43,R46,R47,R48,R49,R50,R51,R52,R53,R54,R55,R56,R57,R58,R59,R60,R61,R62,R63,R64,R65,R66,R67,R68,R70,R71,R72,TP1,TP2,TP3,TP4,TP5,TP6,TP7,TP8,TP9,TP10,TP11,TP12,TP13,TP14,TP15,TP16,TP17,TP18,TP19,TP20,U1,U3,U4,U5,U6,U7,U9,U10,U11,U14,U15,U16,U19,U20","113","","",""
"C31,C34","2","KYOCERA AVX","TPSB226K020R0400","581-TPSB226K020R0400"
"C45","1","TAIYO YUDEN","LMK325ABJ107MM-T","963-LMK325ABJ107MM-T"
"C46","1","KEMET","T521D565M050ATE070","80-T521D565M50ATE70"
"C47","1","KYOCERA AVX","600F201JT250XT","581-600F201JT"
"C56","1","KYOCERA AVX","TAJP106K010RNJ","581-TAJP106K010RNJ "
"C57","1","TDK","C4532X5R1C336M250KA","810-C4532X5R1C336M"
"C67,C68","2","Vishay","VJ0805Y393KXJAC","77-VJ0805Y393KXJAC"
"C71,C72","2","KYOCERA AVX","0805YC105KAT2A","581-0805YC105KAT2A"
"C73,C74,C75,C76,C77,C78","6","KYOCERA AVX","0805YC104M4T2A","581-0805YC104M4T2A"
"C79,C82","2","KYOCERA AVX","0805YA101FAT2A","581-0805YA101FAT2A"
"C81","1","KYOCERA AVX","0805YC154JAT2A","581-0805YC154JAT2A"
"D1,D2,D5,D6,D7,D11,D12,D13","8","Bivar","SM0805GC","749-SM0805GC"
"D8","1","Diodes Incorporated","SBR10200CTL-13","621-SBR10200CTL-13"
"D16,D17,D19,D20,D22,D23","6","Nexperia","PMEG3050EP,115","771-PMEG3050EP115 "
"D18","1","Onsemi/Fairchild","SS24FL","512-SS24FL"
"D21","1","Diodes Incorporated","1N5819HWQ-7-F","621-1N5819HWQ-7-F"
"IC1,IC3,IC4","3","Analog Devices","LT3083EQ#PBF","584-LT3083EQ#PBF"
"IC2,IC5","2","Texas Instruments","TPS5450QDDARQ1 ","595-TPS5450QDDARQ1"
"IC6,IC7","2","Analog Devices","ADM7150ARDZ-3.3-R7 ","584-ADM7150ARDZ3.3R7 "
"IC8,IC9","2","Analog Devices","ADM7150ARDZ-5.0-R7 ","584-ADM7150ARDZ5.0R7"
"IC10,IC11,IC12","3","Texas Instruments","DAC8562TDGSR","595-DAC8562TDGSR"
"IC13","1","","LM2991S/NOPB","926-LM2991S/NOPB"
"J3,J4,J5,J6,J7,J8,J9,J10,J11,J12,J13,J14","12","Molex","09-65-2028","538-09-65-2028"
"J15","1","Wurth Elektronik","694106301002","710-694106301002"
"J16,J17","2","Molex","47053-1000 ","538-47053-1000"
"L1","1","Coilcraft","SER1390-223MLD","994-SER1390-223MLD "
"L2,L4","2","Bourns","SRP1038WA-100M","652-SRP1038WA-100M"
"L3","1","Vishay","IHLP3232DZER330M11","70-IHLP3232DZER330M1"
"L5","1","Panasonic","ETQ-P5M101YGM ","667-ETQ-P5M101YGM "
"L6","1","Eaton Electronics","DR1050-331-R","704-DR1050-331-R"
"Q7,Q8","2","onsemi","P2N2222A","P2N2222A"
"R1,R19","2","Panasonic","ERA-6AED124V","667-ERA-6AED124V"
"R2","1","Panasonic","ERJ-UP6D1101V","667-ERJ-UP6D1101V"
"R3","1","Panasonic","ERJ-UP6D5100V","667-ERJ-UP6D5100V"
"R11,R27","2","Vishay","CRCW08055K90FKEA","71-CRCW0805-5.9K-E3"
"R13","1","Vishay","CRCW08051K80FKEA","71-CRCW0805-1.8K-E3"
"R22","1","Vishay","CRCW0805787RFKEA","71-CRCW0805-787-E3"
"R28","1","Panasonic","ERA-6AED244V","667-ERA-6AED244V"
"R30","1","Vishay","CRCW0805953RFKEA","71-CRCW0805-953-E3"
"R31","1","YAGEO","AF0805FR-0712KL","603-AF0805FR-0712KL"
"R32","1","KOA Speer","RK73H2ATTDD1401F","660-RK73H2ATTDD1401F"
"R35","1","TE Connectivity","RLC73K3AR787FTDF","279-RLC73K3AR787FTDF"
"R36","1","Panasonic","ERA-6ARW242V","667-ERA-6ARW242V"
"R37","1","Panasonic","ERA-6ARW912V","667-ERA-6ARW912V"
"R38","1","Vishay","CRCW0805576RFKTA","71-CRCW0805-576"
"R39","1","Panasonic","ERA-6AEB86R6V","667-ERA-6AEB86R6V"
"R44,R45","2","Panasonic","ERJ-S06F1301V","667-ERJ-S06F1301V"
"R69,R73","2","Vishay","CRCW08051R00FKEAHP","71-CRCW08051R00FKEAH"
"SW1","1","E-Switch","500SSP1S1M2QEA","612-500-A121"
"U2","1","Texas Instruments","MC34063ADG4 ","595-MC34063ADG4"
"U17,U18,U21,U22","4","Analog Devices","LT1632CS8#PBF","584-LT1632CS8#PBF"
"Y1","1","SiTime","SiT5157AI-FK-33N0-100.000000X","788-5157AI-FK3N0100X"
